"src_user_id","dst_user_id"
l6BmjZMeQD3rDxWUbiAiow,NfU0zDaTMEQ4-X9dbQWd9A
"4XChL029mKr5hydo79Ljxg",WiX-z39HRThSQmfQBW-UQA
"4XChL029mKr5hydo79Ljxg",O_GWZZfQx7qv-n-CN7hsIA
"4XChL029mKr5hydo79Ljxg","7fHmEe2V87xvN6MAEhFHJA"
"4XChL029mKr5hydo79Ljxg",gakhurT9xcjCdPCBY541Gg
"4XChL029mKr5hydo79Ljxg","1l_O3VEl9TV_JjKAzzyz0Q"
"4XChL029mKr5hydo79Ljxg",RBZ_kMjowV0t6_nv2UKaDQ
bc8C_eETBWL0olvFSJJd0w,"4N-HU_T32hLENLntsNKNBg"
bc8C_eETBWL0olvFSJJd0w,haSh72Q0MsQZUpWPeVgp0Q
bc8C_eETBWL0olvFSJJd0w,bLbSNkLggFnqwNNzzq-Ijw
bc8C_eETBWL0olvFSJJd0w,u_wqt9RshdZsoj8ikLqoEQ
bc8C_eETBWL0olvFSJJd0w,"5OllWsrKJsYo3XQK6siRKA"
MM4RJAeH6yuaN8oZDSt0RA,fJ_qSZH_akvWzHUPMqab1g
MM4RJAeH6yuaN8oZDSt0RA,U7NLhaVfOJrHb9XLsZbJnQ
MM4RJAeH6yuaN8oZDSt0RA,PcvbBOCOcs6_suRDH7TSTg
MM4RJAeH6yuaN8oZDSt0RA,ELcQDlf69kb-ihJfxZyL0A
MM4RJAeH6yuaN8oZDSt0RA,e0lV0WyRCYbYs9k6chh8YA
MM4RJAeH6yuaN8oZDSt0RA,d5WLqmTMvmL7-RmUDVKqqQ
MM4RJAeH6yuaN8oZDSt0RA,PLOYtrCMUFPHQe2IbYAd5g
MM4RJAeH6yuaN8oZDSt0RA,qURtaMkkiSUEKm7Fy_1jtg
MM4RJAeH6yuaN8oZDSt0RA,AmMd7xpnaf8axS_roCBFRw
"0rK89TS8xqy1wI4nYI1wfw","8SgjU2fID9VqKQooFt1DIQ"
"0rK89TS8xqy1wI4nYI1wfw",o4tYl3Hz0oDfpNn4k02DCw
"0rK89TS8xqy1wI4nYI1wfw","5XAXkk6WENi0OW_HSSXRWA"
"0rK89TS8xqy1wI4nYI1wfw","8DX3pBJt96HqRxV8ACLdYA"
"0rK89TS8xqy1wI4nYI1wfw",PtCnYJdVicJ1BOa6X14fZw
"0rK89TS8xqy1wI4nYI1wfw","3h38QgaoxooCojoN6pZNUA"
"0rK89TS8xqy1wI4nYI1wfw",_vy7K2Q9X8p7Jl1OkY_JOQ
"0rK89TS8xqy1wI4nYI1wfw",qZB8BZ2ZzMF0VfIGhttu7w
"0rK89TS8xqy1wI4nYI1wfw",ZIOCmdFaMIF56FR-nWr_2A
"0rK89TS8xqy1wI4nYI1wfw","6p1NDChnIpGl29Ce3cMKWg"
"0rK89TS8xqy1wI4nYI1wfw",-vjSUjoYYROCHImyLenDNA
"0rK89TS8xqy1wI4nYI1wfw",A1yK1QyPaahfwp38zqn2Bg
"0rK89TS8xqy1wI4nYI1wfw",gtwM4ijo65AN4DvXdgCu_w
"0rK89TS8xqy1wI4nYI1wfw",tH0uKD-vNwMoEc3Xk3Cbdg
"0rK89TS8xqy1wI4nYI1wfw",uEvusDwoSymbJJ0auR3muQ
"0rK89TS8xqy1wI4nYI1wfw",bWoIe5ehjIxOMeElNzXShQ
"0rK89TS8xqy1wI4nYI1wfw",tjTrsF-CpDnTcclX-3sCTw
"0rK89TS8xqy1wI4nYI1wfw",Ad-v2Z4vvuzxZxbpywIm0A
"0rK89TS8xqy1wI4nYI1wfw",fgkJ6KUlrmbKyLDQervxsw
"0rK89TS8xqy1wI4nYI1wfw",dOFyIGbyfB69VB4pnoKqQA
"0rK89TS8xqy1wI4nYI1wfw",Db80SCez0BdYaHdC0xmzoQ
"0rK89TS8xqy1wI4nYI1wfw","7O1_x_3IlgjpY9BkiZ16xQ"
"0rK89TS8xqy1wI4nYI1wfw",Fv0e9RIV9jw5TX3ctA1WbA
"0rK89TS8xqy1wI4nYI1wfw",rCWrxuRC8_pfagpchtHp6A
"0rK89TS8xqy1wI4nYI1wfw",CDvhiRiczAq0M5pktyiyog
"0rK89TS8xqy1wI4nYI1wfw","29yBaTFMSh-l6wNwy9d_mA"
"0rK89TS8xqy1wI4nYI1wfw",F_5_UNX-wrAFCXuAkBZRDw
"0rK89TS8xqy1wI4nYI1wfw","8DGFWco9VeBAxjqsuh1aSw"
"0rK89TS8xqy1wI4nYI1wfw",I2qJvA0tbGdZJ3XrwzwfzA
"0rK89TS8xqy1wI4nYI1wfw",QPREECpJrp8Dj3_TK22oqg
"0rK89TS8xqy1wI4nYI1wfw",uZdFsE_aHbFBChgN6Xa8tw
"0rK89TS8xqy1wI4nYI1wfw",eZZyuJDouIg4p-GYB3PV_A
"0rK89TS8xqy1wI4nYI1wfw",sAOdKC09kMqFfnVCrJRWvQ
"0rK89TS8xqy1wI4nYI1wfw",BjtJ3VkMOxV2Lan037AFuw
"0rK89TS8xqy1wI4nYI1wfw",Bj_MarPEKBe2xN12YimekQ
"0rK89TS8xqy1wI4nYI1wfw",k4wdyggPb3eCcPxK9DVcdg
"0rK89TS8xqy1wI4nYI1wfw",ajxohdcsKhRGFlEvHZDyTw
"0rK89TS8xqy1wI4nYI1wfw",rt3PC7WCgCKsoufmQJELfw
"0rK89TS8xqy1wI4nYI1wfw",ZpUI9ze0YlA6nMSHwx3ZYQ
"0rK89TS8xqy1wI4nYI1wfw",A0j21z2Q1HGic7jW6e9h7A
"0rK89TS8xqy1wI4nYI1wfw",M9rRM6Eo5YbKLKMG5QiIPA
"0rK89TS8xqy1wI4nYI1wfw",ZtmD5tIICT5TW2lgHw0GGw
"0rK89TS8xqy1wI4nYI1wfw",CZ4tdIXmiiMQHQ62lesnKw
"0rK89TS8xqy1wI4nYI1wfw",nmdkHL2JKFx55T3nq5VziA
"0rK89TS8xqy1wI4nYI1wfw",C2C0GPKvzWWnP57Os9eQ0w
"0rK89TS8xqy1wI4nYI1wfw","3XzhO2aJdvVtYhKOCJsPrg"
"0rK89TS8xqy1wI4nYI1wfw",EiwxlbR8fb68lMgEXhcWKA
"0rK89TS8xqy1wI4nYI1wfw",GSvZ1ZJmVqQA9O2NVfO1TQ
"0rK89TS8xqy1wI4nYI1wfw","0KeT9NKimYkHN0wlrij-dg"
"0rK89TS8xqy1wI4nYI1wfw",-lh59ko3dxChBSZ9U7LfUw
"0rK89TS8xqy1wI4nYI1wfw",_1SKSmLqpHBqWh09DxQMfw
"0rK89TS8xqy1wI4nYI1wfw",IpReaQYuXO_nB07xnkHuNw
"0rK89TS8xqy1wI4nYI1wfw","7tpZVkiYuMbDP4-NufK2Iw"
"0rK89TS8xqy1wI4nYI1wfw",UL5K2rnSYIPD1LcqPgbmDQ
"0rK89TS8xqy1wI4nYI1wfw",haSh72Q0MsQZUpWPeVgp0Q
"0rK89TS8xqy1wI4nYI1wfw",q93KSB8PtxchdgcY17bH8Q
"0rK89TS8xqy1wI4nYI1wfw",QTNMJ8unxkk8XT4Tl4a68g
"0rK89TS8xqy1wI4nYI1wfw",Ic6-gs1_FjrWGx6JIr95Mw
"0rK89TS8xqy1wI4nYI1wfw",MWuVbyBgP4vD24Rc7UH5xw
"0rK89TS8xqy1wI4nYI1wfw",bN25cOkFDluT1NjMNkWqAQ
"0rK89TS8xqy1wI4nYI1wfw",sELpZpITOy9abQB3YY2Ugg
"0rK89TS8xqy1wI4nYI1wfw","8ZryN_S-n48g6rsa3W3QtQ"
"0rK89TS8xqy1wI4nYI1wfw",j-1qkha4h87wMfNfwPvfqQ
"0rK89TS8xqy1wI4nYI1wfw",bzU8Cl6B9nqV1i5NReobvw
"0rK89TS8xqy1wI4nYI1wfw",yH3Jyu5vRTAJ8uMAD2bLGQ
"0rK89TS8xqy1wI4nYI1wfw",gDy6k3AqlkcN4cEIkWnx_A
"0rK89TS8xqy1wI4nYI1wfw",p_azadim_uWFOXAhhKB3ag
"0rK89TS8xqy1wI4nYI1wfw",S10Q9h_W-MKyog8IdcCNCQ
"0rK89TS8xqy1wI4nYI1wfw",ctXFXk9-m6PCMoI-Nz2_XQ
"0rK89TS8xqy1wI4nYI1wfw",UVxY0iyPaqY7s4BSFtt-xA
"0rK89TS8xqy1wI4nYI1wfw",PomQayG1WhMxeSl1zohAUA
"0rK89TS8xqy1wI4nYI1wfw",TQ9A1LVp6z-fIc494RsLDQ
"0rK89TS8xqy1wI4nYI1wfw",Q9mA60HnY87C1TW5kjAZ6Q
"0rK89TS8xqy1wI4nYI1wfw",JADdo9NEeO5Az9aOYbyvZA
"0rK89TS8xqy1wI4nYI1wfw","0uEqdNTVj-I7zM83bbcgsg"
"0rK89TS8xqy1wI4nYI1wfw",aD263WOD4RShoqgvVhcKqQ
"0rK89TS8xqy1wI4nYI1wfw",xceJT1G2Yhel3W2lRxRTDA
"0rK89TS8xqy1wI4nYI1wfw","0nOIH8qIMnmZdLCTemnRsw"
"0rK89TS8xqy1wI4nYI1wfw",oWd7wL340Z9JiGf5Wu_bSQ
"0rK89TS8xqy1wI4nYI1wfw",TZelLnaGbHgaG7LBI6rfgg
"0rK89TS8xqy1wI4nYI1wfw",Wx7cbLDqYEL3_aVZwh82Ww
"0rK89TS8xqy1wI4nYI1wfw",z8wN6EQuw_JF-zTjcNgsLw
"0rK89TS8xqy1wI4nYI1wfw",deL6e_z9xqZTIODKqnvRXQ
"0rK89TS8xqy1wI4nYI1wfw",QJI9OSEn6ujRCtrX06vs1w
"0rK89TS8xqy1wI4nYI1wfw",w-w-k-QXosIKQ8HQVwU6IQ
"0rK89TS8xqy1wI4nYI1wfw",uaFOvyGPRvSETSS6Lk8-5A
"0rK89TS8xqy1wI4nYI1wfw",iCYMf_sHRevmzWg8la-LVw
"0rK89TS8xqy1wI4nYI1wfw",JUT0U3HTSB3kz9Wh7N0GqA
"0rK89TS8xqy1wI4nYI1wfw",SrF972IxsELYQ3eaWB5X4A
"0rK89TS8xqy1wI4nYI1wfw",UvY0E6Wuhv_0Bita52RPOw
"0rK89TS8xqy1wI4nYI1wfw",-8EnCioUmDygAbsYZmTeRQ
"0rK89TS8xqy1wI4nYI1wfw",Se3XL5Opy0e2cHbxxjs2ZQ
"0rK89TS8xqy1wI4nYI1wfw",Eypq5gLLjCapBVVnMw_MyA
"0rK89TS8xqy1wI4nYI1wfw",pL4NhW3rTokFr-CQh3Lzgg
"0rK89TS8xqy1wI4nYI1wfw","3nDUQBjKyVor5wV0reJChg"
"0rK89TS8xqy1wI4nYI1wfw",epkRB3J_oBEiyiwahvdmGg
"0rK89TS8xqy1wI4nYI1wfw",XiFzYeOUdkL1HxVFlPsHSA
"0rK89TS8xqy1wI4nYI1wfw","0FMte0z-repSVWSJ_BaQTg"
"0rK89TS8xqy1wI4nYI1wfw",eZfHm0qI8A_HfvXScwIYsg
"0rK89TS8xqy1wI4nYI1wfw",xU4silHWZGOWz92hPIdFpQ
"0rK89TS8xqy1wI4nYI1wfw","5gbkhlWANGVzQYi_0m3vOQ"
"0rK89TS8xqy1wI4nYI1wfw",HVa84WqQT5Klz4knWtGBqw
"0rK89TS8xqy1wI4nYI1wfw",cKJ0r01eF7E-tYp2FQOyRA
"0rK89TS8xqy1wI4nYI1wfw",f-ysez9SJSosLUON1BihWg
"0rK89TS8xqy1wI4nYI1wfw",kaqlSjOjI8YW7PcLdanK-w
TEtzbpgA2BFBrC0y0sCbfw,DXh8yxwZCg5Ckj5kmDvKXw
TEtzbpgA2BFBrC0y0sCbfw,xU4silHWZGOWz92hPIdFpQ
TEtzbpgA2BFBrC0y0sCbfw,jVYzrVblDFSuL3GHtt8ZSA
TEtzbpgA2BFBrC0y0sCbfw,Z88N6qly3Dp5C06XbZ9IMQ
TEtzbpgA2BFBrC0y0sCbfw,HFECrzYDpgbS5EmTBtj2zQ
TEtzbpgA2BFBrC0y0sCbfw,UvY0E6Wuhv_0Bita52RPOw
TEtzbpgA2BFBrC0y0sCbfw,xN-xoLhTHUFfTS_BMGG0xg
TEtzbpgA2BFBrC0y0sCbfw,Wc5L6iuvSNF5WGBlqIO8nw
TEtzbpgA2BFBrC0y0sCbfw,xsBjO0GTAvZK8i2A8_z20g
TEtzbpgA2BFBrC0y0sCbfw,QJI9OSEn6ujRCtrX06vs1w
TEtzbpgA2BFBrC0y0sCbfw,"3Vd_ATdvvuVVgn_YCpz8fw"
TEtzbpgA2BFBrC0y0sCbfw,ZIOCmdFaMIF56FR-nWr_2A
TEtzbpgA2BFBrC0y0sCbfw,JnPIjvC0cmooNDfsa9BmXg
TEtzbpgA2BFBrC0y0sCbfw,PAeEkjrXTub0ENa4rZiWvA
TEtzbpgA2BFBrC0y0sCbfw,UVxY0iyPaqY7s4BSFtt-xA
TEtzbpgA2BFBrC0y0sCbfw,HdUpeg9oYzvzHIgeJuM2uQ
TEtzbpgA2BFBrC0y0sCbfw,Thc2zV-K-KLcvJn3fMPdqQ
TEtzbpgA2BFBrC0y0sCbfw,Tk_FWXueutKii3f9yJFsdw
TEtzbpgA2BFBrC0y0sCbfw,UmXzwFM2OkZHWJ5cJZlqkg
TEtzbpgA2BFBrC0y0sCbfw,fquTEV93jh82JYob6u0CEA
TEtzbpgA2BFBrC0y0sCbfw,dHxvSPU6PZqX1LQRXajGDQ
TEtzbpgA2BFBrC0y0sCbfw,TZelLnaGbHgaG7LBI6rfgg
TEtzbpgA2BFBrC0y0sCbfw,"9YRFLVFVbHGAJ1weFx5zqw"
TEtzbpgA2BFBrC0y0sCbfw,"8DEyKVyplnOcSKx39vatbg"
TEtzbpgA2BFBrC0y0sCbfw,Wx7cbLDqYEL3_aVZwh82Ww
TEtzbpgA2BFBrC0y0sCbfw,M9rRM6Eo5YbKLKMG5QiIPA
TEtzbpgA2BFBrC0y0sCbfw,gvyYZgFdBbcT3xGjWOvZag
TEtzbpgA2BFBrC0y0sCbfw,PcPminF0bIUsKjUh9e4DMQ
TEtzbpgA2BFBrC0y0sCbfw,duymKKwUruH8GwbvcaFd0w
TEtzbpgA2BFBrC0y0sCbfw,dIIKEfOgo0KqUfGQvGikPg
TEtzbpgA2BFBrC0y0sCbfw,LM6pxbcfdyUS8M2jWoQk1g
TEtzbpgA2BFBrC0y0sCbfw,ACUVZ4SiN0gni7dzVDm9EQ
TEtzbpgA2BFBrC0y0sCbfw,lf1m4CbheuUR7fFZoLGRvA
TEtzbpgA2BFBrC0y0sCbfw,"6p1NDChnIpGl29Ce3cMKWg"
TEtzbpgA2BFBrC0y0sCbfw,ZpUI9ze0YlA6nMSHwx3ZYQ
TEtzbpgA2BFBrC0y0sCbfw,djxnI8Ux8ZYQJhiOQkrRhA
TEtzbpgA2BFBrC0y0sCbfw,"8drMKNHWavs2g6uf0pLtvg"
TEtzbpgA2BFBrC0y0sCbfw,rCWrxuRC8_pfagpchtHp6A
TEtzbpgA2BFBrC0y0sCbfw,ey-4MP3wXg9byW4QFj2_dg
TEtzbpgA2BFBrC0y0sCbfw,oWd7wL340Z9JiGf5Wu_bSQ
TEtzbpgA2BFBrC0y0sCbfw,F_5_UNX-wrAFCXuAkBZRDw
TEtzbpgA2BFBrC0y0sCbfw,"4UlC9tI9DmsTgRb9XibrYA"
TEtzbpgA2BFBrC0y0sCbfw,"37HswRimgBEf7_US-c3CDA"
TEtzbpgA2BFBrC0y0sCbfw,MbBhClrXyu8-Mk5wW5y8tg
TEtzbpgA2BFBrC0y0sCbfw,rdysF0ymVkMX82Bu_8x3nA
KGuqerdeNhxzXZEyBaqqSw,JZsDEj8EnFppjzoAFKm-mQ
KGuqerdeNhxzXZEyBaqqSw,"0oCX_noDIESiIHKf7Sly1w"
KGuqerdeNhxzXZEyBaqqSw,UUVbV8XmTzNksBOPaiO3pA
KGuqerdeNhxzXZEyBaqqSw,hazFjLv3rVO_9V9wSQ55Gw
KGuqerdeNhxzXZEyBaqqSw,RdMD77Uwe8Mjy_EptbPa3g
T0gWkTHWRChVUe_Dn1F8nw,HFECrzYDpgbS5EmTBtj2zQ
T0gWkTHWRChVUe_Dn1F8nw,XYSDrIef7g4Gmp3lNFVO6A
T0gWkTHWRChVUe_Dn1F8nw,oWd7wL340Z9JiGf5Wu_bSQ
T0gWkTHWRChVUe_Dn1F8nw,Db80SCez0BdYaHdC0xmzoQ
T0gWkTHWRChVUe_Dn1F8nw,ZIOCmdFaMIF56FR-nWr_2A
NQffx45eJaeqhFcMadKUQA,wnO99pBbGqwqOoTQM25iCw
NQffx45eJaeqhFcMadKUQA,pxzs-Dy2hXTis-PuNCV37Q
NQffx45eJaeqhFcMadKUQA,bLbSNkLggFnqwNNzzq-Ijw
NQffx45eJaeqhFcMadKUQA,WPe2n-x6xBNy2GIC5LcpdA
NQffx45eJaeqhFcMadKUQA,NYDvprxYyDm1dJj8g_G0RA
NQffx45eJaeqhFcMadKUQA,JZsDEj8EnFppjzoAFKm-mQ
NQffx45eJaeqhFcMadKUQA,LNPyE5X1K5B_flcTCH9StQ
NQffx45eJaeqhFcMadKUQA,z8wN6EQuw_JF-zTjcNgsLw
NQffx45eJaeqhFcMadKUQA,Mho2GibREwsPesKEyQbt8w
NQffx45eJaeqhFcMadKUQA,"7tpZVkiYuMbDP4-NufK2Iw"
NQffx45eJaeqhFcMadKUQA,DoRCeCcJbrsM2BiAKj3trA
NQffx45eJaeqhFcMadKUQA,eZfHm0qI8A_HfvXScwIYsg
NQffx45eJaeqhFcMadKUQA,p9c15C0TiryLJKobzwPt1A
NQffx45eJaeqhFcMadKUQA,U4INQZOPSUaj8hMjLlZ3KA
NQffx45eJaeqhFcMadKUQA,RQlnSCjuqMnhR3Qk6j4KoA
NQffx45eJaeqhFcMadKUQA,A5A34ixb-yy6nwL42iZsnw
NQffx45eJaeqhFcMadKUQA,Db80SCez0BdYaHdC0xmzoQ
NQffx45eJaeqhFcMadKUQA,i_DR3vdE73nVm2GlMbGpGA
NQffx45eJaeqhFcMadKUQA,TnhTyk1qfJ8jL2bHpeTrhQ
NQffx45eJaeqhFcMadKUQA,GWs9J6lIUqrySTxl6uXO0A
